url,title,price,seller,highlight
https://www.orami.co.id/takoyakids-petra-vest-girl-sets-navy.html,Takoyakids Petra Vest Girl Sets Navy,Rp 139.000,Takoyakids,". Set Vest dan Celana Pendek ( +inner).   . Girl.   . Celana Pinggang Karet.   . Mungkin terdapat perbedaan warna produk yang terlihat pada monitor dibanding warna sebenarnya."
https://www.orami.co.id/takoyakids-remi-harem-jumpsuit-mustard.html,Takoyakids Remi Jumpsuit Mustard,Rp 95.000,Takoyakids,". Yuk  lengkapi koleksi pakaian buah hati Anda dengan mendapatkan . Takoyakids Remi Harem Jumpsuit Mustard. . Pakaian anak berupa . harem jumpsuit . ini terbuat dari bahan . Jersey . berkualitas tinggi sehingga nyaman dikenakan oleh si kecil..  .  . Jumpsuit.  kaus tanpa lengan dengan model celana . Harem.  . Terdapat 2 kantong tempel di bagian depan.  . Ideal untuk anak perempuan.  ."
https://www.orami.co.id/takoyakids-aoki-pyjama-sets-mustard-4-5-years.html,Takoyakids Aoki Pyjama Sets Mustard 4-5 Years,Rp 129.000,Takoyakids,. Yuk  lengkapi koleksi pakaian buah hati Anda dengan mendapatkan . Takoyakids Aoki Pyjama Sets Dusty Mustard 4-5 Years. . Pakaian anak berupa set piama ini terbuat dari bahan . Baby Terry . berkualitas tinggi sehingga nyaman dikenakan oleh si kecil..  .  . Terdiri dari atasan dan celana panjang.  . Detail bukaan kancing depan.  . Celana memiliki lingkar pinggang karet.  .
https://www.orami.co.id/takoyakids-naomi-chain-girl-dress-navy.html,Takoyakids Naomi Chain Girl Dress Navy,,Takoyakids,". Dress.   . Bermotif.   . Detail pita.   . bukaan . zipper.  belakang.   . Warna . Navy.   . Mungkin terdapat perbedaan warna produk yang terlihat pada monitor dibanding warna sebenarnya."
https://www.orami.co.id/coco-comfy-sheep-set-boys-mint.html,Takoyakids Comfy Sheep Set Boys Mint,Rp 89.000,Takoyakids,. Pakaian . Takoyakids . sangat adem dan nyaman untuk dikenakan anak laki-laki yang berusia 1 – 3 tahun. Dibuat dengan desain yang trendy dan lucu  membuat Si Kecil tampil lebih stylish  bergaya  dan tetap nyaman saat beraktivitas.  .
https://www.orami.co.id/takoyakids-everyday-dino-stars-sets-boy-brown.html,Takoyakids Everyday Dino-stars Sets Boy Brown,,Takoyakids,. Pakaian . Takoyakids . sangat adem dan nyaman untuk dikenakan anak laki-laki yang berusia 6 bulan – 3 tahun. Dibuat dengan desain yang trendy dan lucu  membuat Si Kecil tampil lebih stylish  bergaya  dan tetap nyaman saat beraktivitas.  .
https://www.orami.co.id/takoyakids-geometri-girl-tops-brick.html,Takoyakids Geometri Girl Tops Brick,Rp 109.000,Takoyakids,". Atasan lengan panjang.   . motif kotak-kotak.   . detail kancing.   . warna . brick.   . pink  mustard  tosca.   . Mungkin terdapat perbedaan warna produk yang terlihat pada monitor dibanding warna sebenarnya ."
https://www.orami.co.id/takoyakids-lyla-racer-back-dress-khaki.html,Takoyakids Lyla Racer Back Dress Khaki,Rp 95.000,Takoyakids,. Yuk  lengkapi koleksi pakaian buah hati Anda dengan mendapatkan . Takoyakids Lyla Racel Back Dress Khaki. . Pakaian anak berupa . dress . dan celana . bloomers . ini terbuat dari bahan . Jersey . berkualitas tinggi sehingga nyaman dikenakan oleh si kecil..   .   . Detail bukaan kancing belakang.   . Cocok dikenakan saat bepergian atau bermain.   . Ideal untuk anak perempuan.  .
https://www.orami.co.id/takoyakids-jane-ripped-girl-overall-denim.html,Takoyakids Jane Ripped Girl Overall Denim,Rp 129.000,Takoyakids,". Overall.   . 1 Kantong depan.   . Mungkin terdapat perbedaan warna produk yang terlihat pada monitor dibanding warna sebenarnya."
https://www.orami.co.id/takoyakids-everyday-darling-rabbit-sets-girl-yellow.html,Takoyakids Everyday Darling Rabbit Sets Girl Yellow,Rp 89.900,Takoyakids,. Pakaian . Takoyakids . sangat adem dan nyaman untuk dikenakan anak perempuan yang berusia 6 bulan – 3 tahun. Dibuat dengan desain yang trendy dan lucu  membuat Si Kecil tampil lebih stylish  bergaya  dan tetap nyaman saat beraktivitas.  .
https://www.orami.co.id/takoyakids-adorable-polkadot-dress-girl-white.html,Takoyakids Adorable Polkadot Dress Girl White,Rp 89.900,Takoyakids,. Pakaian . Takoyakids . sangat adem dan nyaman untuk dikenakan anak perempuan yang berusia 6 bulan – 3 tahun. Dibuat dengan desain yang trendy dan lucu  membuat Si Kecil tampil lebih stylish  bergaya  dan tetap nyaman saat beraktivitas.  .
https://www.orami.co.id/coco-tutu-flower-dress-girls-violet.html,Takoyakids Tutu Flower Baby Doll Top Girls Violet,,Takoyakids,. Pakaian . Takoyakids . sangat adem dan nyaman untuk dikenakan anak perempuan yang berusia 6 bulan - 3 tahun. Dibuat dengan desain yang trendy dan lucu  membuat Si Kecil tampil lebih stylish  bergaya  dan tetap nyaman saat beraktivitas.  .
https://www.orami.co.id/takoyakids-willow-dress-girl-blue.html,Takoyakids Willow Dress Girl Blue,Rp 89.900,Takoyakids,. Pakaian . Takoyakids . sangat adem dan nyaman untuk dikenakan anak perempuan yang berusia 6 bulan – 3 tahun. Dibuat dengan desain yang trendy dan lucu  membuat Si Kecil tampil lebih stylish  bergaya  dan tetap nyaman saat beraktivitas.  .
https://www.orami.co.id/takoyakids-akira-jumpsuit-mint.html,Takoyakids Akira Jumpsuit Mint,Rp 95.000,Takoyakids,". Yuk  lengkapi koleksi pakaian buah hati Anda dengan mendapatkan . Takoyakids Akira Jumpsuit Mint. . Pakaian anak berupa . jumpsuit . kaus lengan pendek ini terbuat dari bahan . Single Jersey . berkualitas tinggi sehingga nyaman dikenakan oleh si kecil..  .  . Jumpsuit . kaus lengan pendek yang modis.  . Detail bukaan kancing depan.  . Terdapat 1 kantong bagian atas.  ."
https://www.orami.co.id/takoyakids-everyday-cupcake-bear-sets-girl-pink.html,Takoyakids Everyday Cupcake Bear Sets Girl Pink,Rp 109.000,Takoyakids,. Pakaian . Takoyakids . sangat adem dan nyaman untuk dikenakan anak perempuan yang berusia 6 bulan – 3 tahun. Dibuat dengan desain yang trendy dan lucu  membuat Si Kecil tampil lebih stylish  bergaya  dan tetap nyaman saat beraktivitas.  .
https://www.orami.co.id/takoyakids-zuna-girl-pants-pink.html,Takoyakids Zuna Girl Pants Pink,,Takoyakids,". Celana Panjang .   . Girl.   . Karet Pinggang.   . Mungkin terdapat perbedaan warna produk yang terlihat pada monitor dibanding warna sebenarnya.   .  ."
https://www.orami.co.id/takoyakids-eri-sets-cream.html,Takoyakids Eri Sets Cream,Rp 89.000,Takoyakids,". Jadikan penampilan si kecil semakin menggemaskan dengan mengenakan . Takoyakids Eri Sets Cream. . Pakaian anak berupa atasan tanpa lengan dan celana pendek ini terbuat dari bahan . Combed . berkualitas tinggi sehingga nyaman dikenakan oleh si kecil..  .  . Atasan memiliki detail . ruffle . yang cantik.  . Bukaan kancing belakang.  . Cocok dikenakan untuk bermain atau bepergian.  ."
https://www.orami.co.id/takoyakids-geometri-girl-tops-tosca.html,Takoyakids Geometri Girl Tops Tosca,Rp 109.000,Takoyakids,". Atasan lengan panjang.   . motif kotak-kotak.   . detail kancing.   . warna . tosca.   . Mungkin terdapat perbedaan warna produk yang terlihat pada monitor dibanding warna sebenarnya ."
https://www.orami.co.id/takoyakids-kei-kimono-sets-terracota-1-2-year-241043.html,Takoyakids Kei Kimono Sets Terracota,Rp 95.000,Takoyakids,. Yuk  lengkapi koleksi pakaian buah hati Anda dengan mendapatkan . Takoyakids Kei Kimono Sets Terracota. . Pakaian anak berupa kaus kimono lengan pendek dan celana pendek ini terbuat dari bahan . Single Jersey . berkualitas tinggi sehingga nyaman dikenakan oleh si kecil..  .  . Kaus memiliki detail kerah . V Neck.  . Celana memiliki karet pinggang sehingga tidak ketat.  . Bahan adem saat dikenakan.  .
https://www.orami.co.id/takoyakids-minori-sets-mint.html,Takoyakids Minori Sets Mint,Rp 89.000,Takoyakids,. Yuk  lengkapi koleksi pakaian buah hati Anda dengan mendapatkan . Takoyakids Minori Sets Mint. ..  Pakaian anak berupa harem jumpsuit ini terbuat dari bahan Single Jersey berkualitas tinggi sehingga nyaman dikenakan oleh si kecil..   .  	. Terdapat detail list putih.  	. Memiliki kerah bulat.  	. Unisex  ideal untuk anak laki-laki dan perempuan.  .
https://www.orami.co.id/coco-comfy-sheep-set-boys-blue.html,Takoyakids Comfy Sheep Set Boys Blue,,Takoyakids,. Pakaian . Takoyakids . sangat adem dan nyaman untuk dikenakan anak laki-laki yang berusia 1 – 3 tahun. Dibuat dengan desain yang trendy dan lucu  membuat Si Kecil tampil lebih stylish  bergaya  dan tetap nyaman saat beraktivitas.  .
https://www.orami.co.id/takoyakids-kei-kimono-sets-light-blue.html,Takoyakids Kei Kimono Sets Light Blue,Rp 95.000,Piccola,.   .   . Yuk  lengkapi koleksi pakaian buah hati Anda dengan mendapatkan . Takoyakids Kei Kimono Sets Light Blue. . Pakaian anak berupa atasan kimono dan celana pendek ini terbuat dari bahan . Single Jersey . berkualitas tinggi sehingga nyaman dikenakan oleh si kecil..     .   . Memiliki detail kerah . V neck.   . Celana karet pinggang.   . Cocok dikenakan saat bermain atau bepergian.   .   .   .
https://www.orami.co.id/takoyakids-fish-shorts-boy-white.html,Takoyakids Fish Shorts Boy White,Rp 64.900,Takoyakids,. Pakaian . Takoyakids . sangat adem dan nyaman untuk dikenakan anak laki-laki yang berusia 1 – 3 tahun. Dibuat dengan desain yang trendy dan lucu  membuat Si Kecil tampil lebih stylish  bergaya  dan tetap nyaman saat beraktivitas.  .
https://www.orami.co.id/takoyakids-eri-sets-light-pink.html,Takoyakids Eri Sets Light Pink,Rp 89.000,Takoyakids,". Jadikan penampilan si kecil semakin menggemaskan dengan mengenakan . Takoyakids Eri Sets Light Pink. . Pakaian anak berupa atasan tanpa lengan dan celana pendek ini terbuat dari bahan . Combed . berkualitas tinggi sehingga nyaman dikenakan oleh si kecil..  .  . Atasan memiliki detail . ruffle . yang cantik.  . Bukaan kancing belakang.  . Cocok dikenakan untuk bermain atau bepergian.  ."
https://www.orami.co.id/takoyakids-super-dino-long-sets-boy.html,Takoyakids Everyday Super Dino Long Sets Boy,Rp 109.900,Takoyakids,. Pakaian . Takoyakids . sangat adem dan nyaman untuk dikenakan anak laki-laki yang berusia 6 bulan – 3 tahun. Dibuat dengan desain yang trendy dan lucu  membuat Si Kecil tampil lebih stylish  bergaya  dan tetap nyaman saat beraktivitas.  .
https://www.orami.co.id/takoyakids-i-love-bunny-short-sets-girl.html,Takoyakids Everyday I Love Bunny Short Sets Girl,Rp 89.900,Takoyakids,. Pakaian . Takoyakids . sangat adem dan nyaman untuk dikenakan anak perempuan yang berusia 6 bulan – 3 tahun. Dibuat dengan desain yang trendy dan lucu  membuat Si Kecil tampil lebih stylish  bergaya  dan tetap nyaman saat beraktivitas.  .
https://www.orami.co.id/takoyakids-naomi-chain-girl-dress-mustard.html,Takoyakids Naomi Chain Girl Dress Mustard,Rp 89.000,Takoyakids,". Dress.   . Bermotif.   . Detail pita.   . bukaan . zipper.  belakang.   . Warna . Mustard.   . Mungkin terdapat perbedaan warna produk yang terlihat pada monitor dibanding warna sebenarnya."
https://www.orami.co.id/takoyakids-eri-sets-steel-blue.html,Takoyakids Eri Sets Steel Blue,Rp 89.000,Takoyakids,". Jadikan penampilan si kecil semakin menggemaskan dengan mengenakan . Takoyakids Eri Sets Steel Blue. . Pakaian anak berupa atasan tanpa lengan dan celana pendek ini terbuat dari bahan . Combed . berkualitas tinggi sehingga nyaman dikenakan oleh si kecil..  .  . Atasan memiliki detail . ruffle . yang cantik.  . Bukaan kancing belakang.  . Cocok dikenakan untuk bermain atau bepergian.  ."
https://www.orami.co.id/takoyakids-lyla-racer-back-dress-gray.html,Takoyakids Lyla Racer Back Dress Gray,Rp 95.000,Takoyakids,". Yuk  lengkapi koleksi pakaian buah hati Anda dengan mendapatkan . Takoyakids Lyla Racel Back Dress Gray. . Pakaian anak berupa . dress . dan celana . bloomers . ini terbuat dari bahan . Jersey . berkualitas tinggi sehingga nyaman dikenakan oleh si kecil..   .   . Detail bukaan kancing belakang.   . Cocok dikenakan saat bepergian atau bermain.   . Ideal untuk anak perempuan.  ."
https://www.orami.co.id/coco-tutu-flower-dress-girls-mustard.html,Takoyakids Tutu Flower Baby Doll Top Girls Mustard,,Takoyakids,. Pakaian . Takoyakids . sangat adem dan nyaman untuk dikenakan anak perempuan yang berusia 6 bulan - 3 tahun. Dibuat dengan desain yang trendy dan lucu  membuat Si Kecil tampil lebih stylish  bergaya  dan tetap nyaman saat beraktivitas.  .
https://www.orami.co.id/takoyakids-whoopi-pullover-unisex-sweater-red.html,Takoyakids Whoopi pullover Unisex Sweater Red,Rp 99.000,Takoyakids,". Knit Sweater.   . Unisex.   . Kerah bulat.   . Mungkin terdapat perbedaan warna produk yang terlihat pada monitor dibanding warna sebenarnya."
https://www.orami.co.id/takoyakids-geometri-girl-tops-mustard.html,Takoyakids Geometri Girl Tops Mustard,Rp 109.000,Takoyakids,". Atasan lengan panjang.   . motif kotak-kotak.   . detail kancing.   . warna . mustard.   . Mungkin terdapat perbedaan warna produk yang terlihat pada monitor dibanding warna sebenarnya ."
https://www.orami.co.id/takoyakids-little-varsity-jacket-boy-orange.html,Takoyakids Little Varsity Jacket Boy Orange,Rp 134.900,Takoyakids,. Jaket dari . Takoyakids . sangat adem dan nyaman untuk dikenakan anak laki-laki yang berusia 6 bulan – 3 tahun. Dibuat dengan desain yang trendy dan lucu  membuat Si Kecil tampil lebih stylish  bergaya  dan tetap nyaman saat beraktivitas.  .
https://www.orami.co.id/takoyakids-banana-button-shirt-boy-grey.html,Takoyakids Banana Button Shirt Boy Grey,Rp 99.000,Takoyakids,. Pakaian . Takoyakids . sangat adem dan nyaman untuk dikenakan anak laki-laki yang berusia 1 – 3+ tahun. Dibuat dengan desain yang trendy dan lucu  membuat Si Kecil tampil lebih stylish  bergaya  dan tetap nyaman saat beraktivitas.  .
https://www.orami.co.id/takoyakids-cherry-girl-tops-green.html,Takoyakids Cherry Girl Tops Green,Rp 109.000,Takoyakids,". Atasan Lengan Panjang.   . Girl.   . Mungkin terdapat perbedaan warna produk yang terlihat pada monitor dibanding warna sebenarnya."
https://www.orami.co.id/takoyakids-retro-top-girl-pink.html,Takoyakids Retro Top Girl Pink,,Takoyakids,. Pakaian . Takoyakids . sangat adem dan nyaman untuk dikenakan anak perempuan yang berusia 1 – 3 tahun. Dibuat dengan desain yang trendy dan lucu  membuat Si Kecil tampil lebih stylish  bergaya  dan tetap nyaman saat beraktivitas.  .
https://www.orami.co.id/coco-crocodile-round-neck-t-shirt-unisex-white.html,Takoyakids Crocodile Round Neck T-Shirt Unisex White,,Takoyakids,. Pakaian . Takoyakids . sangat adem dan nyaman untuk dikenakan anak laki-laki dan perempuan yang berusia 6 bulan - 3 tahun. Dibuat dengan desain yang trendy dan lucu  membuat Si Kecil tampil lebih stylish  bergaya  dan tetap nyaman saat beraktivitas.  .
https://www.orami.co.id/takoyakids-betsy-floral-sets-girl-pink.html,Takoyakids Betsy Floral Sets Girl Pink,Rp 109.900,Takoyakids,. Pakaian . Takoyakids . sangat adem dan nyaman untuk dikenakan anak perempuan yang berusia 6 bulan – 3 tahun. Dibuat dengan desain yang trendy dan lucu  membuat Si Kecil tampil lebih stylish  bergaya  dan tetap nyaman saat beraktivitas.  .
https://www.orami.co.id/takoyakids-jasmine-embroidery-girl-dress-pink.html,Takoyakids Jasmine Embroidery Girl Dress Pink,Rp 89.000,Takoyakids,". Top.   . Warna . Pink.   . Karet bagian dada.   . Detail tali.   . Mungkin terdapat perbedaan warna produk yang terlihat pada monitor dibanding warna sebenarnya."
https://www.orami.co.id/takoyakids-super-style-ribbed-jeans-boy.html,Takoyakids Super Style Ribbed Jeans Boy,Rp 99.000,Takoyakids,. Pakaian . Takoyakids . sangat adem dan nyaman untuk dikenakan anak laki-laki yang berusia 1 – 3 tahun. Dibuat dengan desain yang trendy dan lucu  membuat Si Kecil tampil lebih stylish  bergaya  dan tetap nyaman saat beraktivitas.  .
https://www.orami.co.id/takoyakids-petra-vest-girl-sets-grey-236898.html,Takoyakids Petra Vest Girl Sets Grey,,Takoyakids,". Set . vest.  dan celana pendek ( + . inner. ).   . 2 kantong di depan.   . Detail bukaan kancing depan.   . Celana pinggang karet.   . warna . grey.   . Mungkin terdapat perbedaan warna produk yang terlihat pada monitor dibanding warna sebenarnya."
https://www.orami.co.id/takoyakids-smith-boy-shirt-white.html,Takoyakids Smith Boy Shirt White,,Takoyakids,". Kemeja Lengan Pendek.   . Boy.   . Bukaan Kancing Depan.   . Mungkin terdapat perbedaan warna produk yang terlihat pada monitor dibanding warna sebenarnya."
https://www.orami.co.id/takoyakids-kei-kimono-sets-olive.html,Takoyakids Kei Kimono Sets Olive,Rp 95.000,Piccola,.   .   . Yuk  lengkapi koleksi pakaian buah hati Anda dengan mendapatkan . Takoyakids Kei Kimono Sets Olive. . Pakaian anak berupa atasan kimono dan celana pendek ini terbuat dari bahan . Single Jersey . berkualitas tinggi sehingga nyaman dikenakan oleh si kecil..     .   . Memiliki detail kerah . V neck.   . Celana karet pinggang.   . Cocok dikenakan saat bermain atau bepergian.   .   .   .
https://www.orami.co.id/takoyakids-asymmetric-top-girl-blue.html,Takoyakids Asymmetric Top Girl Blue,Rp 79.900,Takoyakids,. Pakaian . Takoyakids . sangat adem dan nyaman untuk dikenakan anak perempuan yang berusia 1 – 3 tahun. Dibuat dengan desain yang trendy dan lucu  membuat Si Kecil tampil lebih stylish  bergaya  dan tetap nyaman saat beraktivitas.  .
https://www.orami.co.id/takoyakids-adorable-polkadot-dress-girl-pink.html,Takoyakids Adorable Polkadot Dress Girl Pink,Rp 89.900,Takoyakids,. Pakaian . Takoyakids . sangat adem dan nyaman untuk dikenakan anak perempuan yang berusia 6 bulan – 3 tahun. Dibuat dengan desain yang trendy dan lucu  membuat Si Kecil tampil lebih stylish  bergaya  dan tetap nyaman saat beraktivitas.  .
https://www.orami.co.id/takoyakids-im-awesome-t-shirt-boy-green.html,Takoyakids I'm Awesome T-Shirt Boy Green,Rp 55.900,Takoyakids,. Pakaian . Takoyakids . sangat adem dan nyaman untuk dikenakan anak laki-laki yang berusia 6 bulan – 3 tahun. Dibuat dengan desain yang trendy dan lucu  membuat Si Kecil tampil lebih stylish  bergaya  dan tetap nyaman saat beraktivitas.  .
https://www.orami.co.id/takoyakids-minori-sets-steel-blue.html,Takoyakids Minori Sets Steel Blue,Rp 89.000,Takoyakids,. Jadikan penampilan si kecil semakin menggemaskan dengan mengenakan . Takoyakids Minori Sets Blue. . Pakaian anak berupa kaus lengan pendek dan celana pendek ini terbuat dari bahan . Single Jersey . berkualitas tinggi sehingga nyaman dikenakan oleh si kecil..  .  . Terdapat detail . list . putih.  . Desain kerah bulat.  . Celana karet pinggang yang nyaman dikenakan.  .
https://www.orami.co.id/takoyakids-minori-sets-dusty-pink.html,Takoyakids Minori Sets Dusty Pink,Rp 89.000,Takoyakids,. Yuk  lengkapi koleksi pakaian buah hati Anda dengan mendapatkan . Takoyakids Minori Sets Dusty Pink. ..  Pakaian anak berupa harem jumpsuit ini terbuat dari bahan Single Jersey berkualitas tinggi sehingga nyaman dikenakan oleh si kecil..   .  	. Terdapat detail list putih.  	. Memiliki kerah bulat.  	. Unisex  ideal untuk anak laki-laki dan perempuan.  .
https://www.orami.co.id/takoyakids-kei-kimono-sets-maroon.html,Takoyakids Kei Kimono Sets Maroon,Rp 95.000,Takoyakids,". Jadikan penampilan si kecil semakin menggemaskan dengan mengenakan . Takoyakids Kei Kimono Sets Maroon. . Pakaian anak berupa kimono lengan pendek dan celana pendek ini terbuat dari bahan . Single Jersey . berkualitas tinggi sehingga nyaman dikenakan oleh si kecil..  .  . Memiliki detail kerah . V-Neck.  . Celana karet pinggang yang nyaman.  . Cocok dikenakan untuk sehari-hari.  ."
https://www.orami.co.id/takoyakids-everyday-i-love-truck-sets-boy-blue.html,Takoyakids Everyday I Love Truck Sets Boy Blue,Rp 89.900,Takoyakids,. Pakaian . Takoyakids . sangat adem dan nyaman untuk dikenakan anak laki-laki yang berusia 6 bulan – 3 tahun. Dibuat dengan desain yang trendy dan lucu  membuat Si Kecil tampil lebih stylish  bergaya  dan tetap nyaman saat beraktivitas.  .
https://www.orami.co.id/takoyakids-lyla-racer-back-dress-terracota.html,Takoyakids Lyla Racer Back Dress Terracota,Rp 95.000,Takoyakids,. Yuk  lengkapi koleksi pakaian buah hati Anda dengan mendapatkan . Takoyakids Lyla Racel Back Dress Terracota. . Pakaian anak berupa . dress . dan celana . bloomers . ini terbuat dari bahan . Jersey . berkualitas tinggi sehingga nyaman dikenakan oleh si kecil..   .   . Detail bukaan kancing belakang.   . Cocok dikenakan saat bepergian atau bermain.   . Ideal untuk anak perempuan.  .
https://www.orami.co.id/takoyakids-im-awesome-t-shirt-boy-ocean-blue.html,Takoyakids I'm Awesome T-Shirt Boy Ocean Blue,,Takoyakids,. Pakaian . Takoyakids . sangat adem dan nyaman untuk dikenakan anak laki-laki yang berusia 6 bulan – 3 tahun. Dibuat dengan desain yang trendy dan lucu  membuat Si Kecil tampil lebih stylish  bergaya  dan tetap nyaman saat beraktivitas.  .
https://www.orami.co.id/takoyakids-kira-kimono-dress-sets-baby-pink.html,Takoyakids Kira Kimono Dress Sets Baby Pink,Rp 99.000,Takoyakids,". Yuk  lengkapi koleksi pakaian buah hati Anda dengan mendapatkan . Takoyakids Kira Kimono Dress Sets Baby Pink. . Pakaian anak berupa . kimono dress . dan celana . bloomers . ini terbuat dari bahan . Single Jersey . berkualitas tinggi sehingga nyaman dikenakan oleh si kecil..   .   . Detail tali pita di bagian kiri.   . Cocok dikenakan saat bepergian atau bermain.   . Ideal untuk anak perempuan.  ."
https://www.orami.co.id/takoyakids-banana-button-shirt-boy-off-white.html,Takoyakids Banana Button Shirt Boy Off White,Rp 99.000,Takoyakids,. Pakaian . Takoyakids . sangat adem dan nyaman untuk dikenakan anak laki-laki yang berusia 1 – 3+ tahun. Dibuat dengan desain yang trendy dan lucu  membuat Si Kecil tampil lebih stylish  bergaya  dan tetap nyaman saat beraktivitas.  .
https://www.orami.co.id/takoyakids-jacob-boy-jacket-denim.html,Takoyakids Jacob Boy Jacket Denim,Rp 149.000,Takoyakids,". Jacket hoodie.   . Detail bukaan kancing depan.   . Mungkin terdapat perbedaan warna produk yang terlihat pada monitor dibanding warna sebenarnya."
https://www.orami.co.id/takoyakids-kira-kimono-dress-dusty-pink-7-8-year.html,Takoyakids Kira Kimono Dress Dusty Pink 7-8 Year,Rp 99.000,Takoyakids,. Yuk  lengkapi koleksi pakaian buah hati Anda dengan mendapatkan . Takoyakids Kira Kimono Dress Sets Dusty Pink 7-8Y. . Pakaian anak berupa . kimono dress . dan celana . bloomers . ini terbuat dari bahan . Single Jersey . berkualitas tinggi sehingga nyaman dikenakan oleh si kecil..   .   . Detail tali pita di bagian kiri.   . Cocok dikenakan saat bepergian atau bermain.   . Ideal untuk anak perempuan.  .
https://www.orami.co.id/coco-bunny-ballerina-dress-girls-pink.html,Takoyakids Bunny Ballerina Baby Doll Top Girls Pink,,Takoyakids,. Pakaian . Takoyakids . sangat adem dan nyaman untuk dikenakan anak perempuan yang berusia 6 bulan - 3 tahun. Dibuat dengan desain yang trendy dan lucu  membuat Si Kecil tampil lebih stylish  bergaya  dan tetap nyaman saat beraktivitas.  .
https://www.orami.co.id/takoyakids-little-varsity-jacket-boy-green.html,Takoyakids Little Varsity Jacket Boy Green,Rp 134.900,Takoyakids,. Jaket dari . Takoyakids . sangat adem dan nyaman untuk dikenakan anak laki-laki yang berusia 6 bulan – 3 tahun. Dibuat dengan desain yang trendy dan lucu  membuat Si Kecil tampil lebih stylish  bergaya  dan tetap nyaman saat beraktivitas.  .
https://www.orami.co.id/takoyakids-kira-kimono-dress-salur-gray.html,Takoyakids Kira Kimono Dress Salur Gray,Rp 99.000,Takoyakids,". Yuk  lengkapi koleksi pakaian buah hati Anda dengan mendapatkan . Takoyakids Kira Kimono Dress Salur Gray. . Pakaian anak berupa . kimono dress . dan celana . bloomers . ini terbuat dari bahan . Single Jersey . berkualitas tinggi sehingga nyaman dikenakan oleh si kecil..   .   . Detail tali pita di bagian kiri.   . Cocok dikenakan saat bepergian atau bermain.   . Ideal untuk anak perempuan.  ."
https://www.orami.co.id/takoyakids-lyla-racer-dress-n-bloomers-olive.html,Takoyakids Lyla Racer Dress n Bloomers Olive,Rp 95.000,Takoyakids,. Yuk  lengkapi koleksi pakaian buah hati Anda dengan mendapatkan . Takoyakids Lyla Racer Dress & Bloomers Olive. . Pakaian anak berupa . dress . dan celana . bloomers . ini terbuat dari bahan . Jersey . berkualitas tinggi sehingga nyaman dikenakan oleh si kecil..   .   . Detail bukaan kancing belakang.   . Cocok dikenakan saat bepergian atau bermain.   . Ideal untuk anak perempuan.  .
https://www.orami.co.id/takoyakids-remi-jumpsuit-steel-blue.html,Takoyakids Remi Jumpsuit Steel Blue,Rp 95.000,Takoyakids,. Yuk  lengkapi koleksi pakaian buah hati Anda dengan mendapatkan . Takoyakids Remi Jumpsuit . Steel Blue. . Pakaian anak berupa . jumpsuit . celana ini terbuat dari bahan . Jersey . berkualitas tinggi sehingga nyaman dikenakan oleh si kecil..  .  . Jumpsuit.  kaus tanpa lengan dengan model celana . Harem.  . Terdapat 2 kantong tempel dibagian depan.  . Detail bukaan kancing belakang.  .
https://www.orami.co.id/takoyakids-whoopi-pullover-unisex-sweater-orange.html,Takoyakids Whoopi pullover Unisex Sweater Orange,Rp 99.000,Takoyakids,". Knit Sweater.   . Unisex.   . Kerah bulat.   . Mungkin terdapat perbedaan warna produk yang terlihat pada monitor dibanding warna sebenarnya."
https://www.orami.co.id/takoyakids-cherry-girl-tops-pink.html,Takoyakids Cherry Girl Tops Pink,Rp 109.000,Takoyakids,". Atasan lengan panjang.   . kerah bulat.   . warna . pink.   . Mungkin terdapat perbedaan warna produk yang terlihat pada monitor dibanding warna sebenarnya. ."
https://www.orami.co.id/takoyakids-naomi-chain-girl-dress-tosca.html,Takoyakids Naomi Chain Girl Dress Tosca,Rp 89.000,Takoyakids,". Dress.   . Bermotif.   . Detail pita.   . bukaan . zipper.  belakang.   . Warna . Tosca.   . Mungkin terdapat perbedaan warna produk yang terlihat pada monitor dibanding warna sebenarnya."
https://www.orami.co.id/takoyakids-aoki-pyjama-sets-dusty-pink-4-5-years.html,Takoyakids Aoki Pyjama Sets Dusty Pink 4-5 Years,Rp 129.000,Takoyakids,. Yuk  lengkapi koleksi pakaian buah hati Anda dengan mendapatkan . Takoyakids Aoki Pyjama Sets Dusty Pink 4-5 Years. . Pakaian anak berupa set piama ini terbuat dari bahan . Baby Terry . berkualitas tinggi sehingga nyaman dikenakan oleh si kecil..  .  . Terdiri dari atasan dan celana panjang.  . Detail bukaan kancing depan.  . Celana memiliki lingkar pinggang karet.  .
https://www.orami.co.id/takoyakids-tutu-festive-top-girl-white.html,Takoyakids Tutu Festive Top Girl White,Rp 89.900,Takoyakids,. Pakaian . Takoyakids . sangat adem dan nyaman untuk dikenakan anak perempuan yang berusia 6 bulan – 3 tahun. Dibuat dengan desain yang trendy dan lucu  membuat Si Kecil tampil lebih stylish  bergaya  dan tetap nyaman saat beraktivitas.  .
https://www.orami.co.id/takoyakids-akira-jumpsuit-terracota.html,Takoyakids Akira Jumpsuit Terracota,Rp 95.000,Takoyakids,". Yuk  lengkapi koleksi pakaian buah hati Anda dengan mendapatkan . Takoyakids Akira Jumpsuit Terracota. . Pakaian anak berupa . jumpsuit . kaus lengan pendek ini terbuat dari bahan . Single Jersey . berkualitas tinggi sehingga nyaman dikenakan oleh si kecil..  .  . Jumpsuit . kaus lengan pendek yang modis.  . Detail bukaan kancing depan.  . Terdapat 1 kantong bagian atas.  ."
https://www.orami.co.id/takoyakids-cate-texture-boy-sweater-orange-navy.html,Takoyakids Cate Texture Boy Sweater Orange-Navy,Rp 99.000,Takoyakids,". Knitted sweater.   . Kerah bulat.   . Warna . orange-navy.   . Mungkin terdapat perbedaan warna produk yang terlihat pada monitor dibanding warna sebenarnya."
https://www.orami.co.id/takoyakids-kira-kimono-dress-sets-dusty-pink.html,Takoyakids Kira Kimono Dress Sets Dusty Pink,Rp 99.000,Takoyakids,. Yuk  lengkapi koleksi pakaian buah hati Anda dengan mendapatkan . Takoyakids Kira Kimono Dress Sets Dusty Pink. . Pakaian anak berupa . kimono dress . dan celana . bloomers . ini terbuat dari bahan . Single Jersey . berkualitas tinggi sehingga nyaman dikenakan oleh si kecil..   .   . Detail tali pita di bagian kiri.   . Cocok dikenakan saat bepergian atau bermain.   . Ideal untuk anak perempuan.  .
https://www.orami.co.id/takoyakids-eri-sets-gray.html,Takoyakids Eri Sets Gray,Rp 89.000,Takoyakids,". Jadikan penampilan si kecil semakin menggemaskan dengan mengenakan . Takoyakids Eri Sets Gray. . Pakaian anak berupa atasan tanpa lengan dan celana pendek ini terbuat dari bahan . Combed . berkualitas tinggi sehingga nyaman dikenakan oleh si kecil..  .  . Atasan memiliki detail . ruffle . yang cantik.  . Bukaan kancing belakang.  . Cocok dikenakan untuk bermain atau bepergian.  ."
https://www.orami.co.id/takoyakids-racquel-girl-dress-pink.html,Takoyakids Racquel Girl Dress Pink,Rp 129.000,Takoyakids,". Dress Lengan Panjang.   . Girl.   . Bukaan Resleting Belakang.   . Kerah bulat.   . Mungkin terdapat perbedaan warna produk yang terlihat pada monitor dibanding warna sebenarnya."
https://www.orami.co.id/takoyakids-jasmine-embroidery-girl-dress-white.html,Takoyakids Jasmine Embroidery Girl Dress White,,Takoyakids,". Top.   . Warna . White.   . Karet bagian dada.   . Detail tali.   . Mungkin terdapat perbedaan warna produk yang terlihat pada monitor dibanding warna sebenarnya."
https://www.orami.co.id/takoyakids-polkadot-sailor-dress-girls-lime-green.html,Takoyakids Polkadot Sailor Dress Girls Lime Green,Rp 79.000,Takoyakids,. Pakaian . Takoyakids . sangat adem dan nyaman untuk dikenakan anak perempuan yang berusia 6 bulan – 3 tahun. Dibuat dengan desain yang trendy dan lucu  membuat Si Kecil tampil lebih stylish  bergaya  dan tetap nyaman saat beraktivitas.  .
https://www.orami.co.id/takoyakids-calla-girl-skirt-cream.html,Takoyakids Calla Girl Skirt Cream,Rp 99.000,Takoyakids,". Rok Pendek.   . Girl.   . Karet Pinggang.   . Mungkin terdapat perbedaan warna produk yang terlihat pada monitor dibanding warna sebenarnya."
https://www.orami.co.id/takoyakids-minori-sets-lis-putih-mustard.html,Takoyakids Minori Sets Mustard 6-12 Month,Rp 89.000,Takoyakids,". Yuk  lengkapi koleksi pakaian buah hati Anda dengan mendapatkan . Takoyakids Minori Sets Lis Putih . Mustard. . Pakaian anak berupa . harem jumpsuit . ini terbuat dari bahan . Single Jersey . berkualitas tinggi sehingga nyaman dikenakan oleh si kecil..   .   . Terdapat detail . list.  putih.   . Memiliki kerah bulat.   . Unisex  . ideal untuk anak laki-laki dan perempuan.  ."
https://www.orami.co.id/takoyakids-remi-harem-jumpsuit-misty-gray-m71.html,Takoyakids Remi Harem Jumpsuit Misty Gray M71,Rp 95.000,Takoyakids,. Yuk  lengkapi koleksi pakaian buah hati Anda dengan mendapatkan . Takoyakids Remi Harem Jumpsuit Misty Gray M71. . Pakaian anak berupa . harem jumpsuit . ini terbuat dari bahan . Jersey . berkualitas tinggi sehingga nyaman dikenakan oleh si kecil..  .  . Jumpsuit.  kaus tanpa lengan dengan model celana . Harem.  . Terdapat 2 kantong tempel di bagian depan.  . Ideal untuk anak perempuan.  .
https://www.orami.co.id/takoyakids-im-awesome-t-shirt-boy-caramel.html,Takoyakids I'm Awesome T-Shirt Boy Caramel,,Takoyakids,. Pakaian . Takoyakids . sangat adem dan nyaman untuk dikenakan anak laki-laki yang berusia 6 bulan – 3 tahun. Dibuat dengan desain yang trendy dan lucu  membuat Si Kecil tampil lebih stylish  bergaya  dan tetap nyaman saat beraktivitas.  .
https://www.orami.co.id/coco-bunny-ballerina-dress-girls-yellow.html,Takoyakids Bunny Ballerina Baby Doll Top Girls Yellow,,Takoyakids,. Pakaian . Takoyakids . sangat adem dan nyaman untuk dikenakan anak perempuan yang berusia 6 bulan - 3 tahun. Dibuat dengan desain yang trendy dan lucu  membuat Si Kecil tampil lebih stylish  bergaya  dan tetap nyaman saat beraktivitas.  .
https://www.orami.co.id/takoyakids-remi-jumpsuit-dusty-pink.html,Takoyakids Remi Jumpsuit Dusty Pink,Rp 95.000,Takoyakids,. Yuk  lengkapi koleksi pakaian buah hati Anda dengan mendapatkan . Takoyakids Remi Jumpsuit Dusty Pink. . Pakaian anak berupa . jumpsuit . celana ini terbuat dari bahan . Jersey . berkualitas tinggi sehingga nyaman dikenakan oleh si kecil..  .  . Jumpsuit.  kaus tanpa lengan dengan model celana . Harem.  . Terdapat 2 kantong tempel dibagian depan.  . Detail bukaan kancing belakang.  .
https://www.orami.co.id/takoyakids-cate-texture-boy-sweater-light-brown-brown.html,Takoyakids Cate Texture Boy Sweater Light Brown-Brown,Rp 99.000,Takoyakids,". Knitted sweater.   . Kerah bulat.   . Warna . light brown-dark brown.   . Mungkin terdapat perbedaan warna produk yang terlihat pada monitor dibanding warna sebenarnya."
https://www.orami.co.id/takoyakids-lyla-racer-back-dress-stripes.html,Takoyakids Lyla Racer Back Dress Stripes,Rp 95.000,Takoyakids,. Yuk  lengkapi koleksi pakaian buah hati Anda dengan mendapatkan . Takoyakids Lyla Racer Back Dress Stripes. . Pakaian anak berupa . dress . dan celana . bloomers . ini terbuat dari bahan . Jersey . berkualitas tinggi sehingga nyaman dikenakan oleh si kecil..   .   . Detail bukaan kancing belakang.   . Cocok dikenakan saat bepergian atau bermain.   . Ideal untuk anak perempuan.  .
https://www.orami.co.id/takoyakids-tutu-festive-top-girl-brown.html,Takoyakids Tutu Festive Top Girl Brown,Rp 89.900,Takoyakids,. Pakaian . Takoyakids . sangat adem dan nyaman untuk dikenakan anak perempuan yang berusia 6 bulan – 3 tahun. Dibuat dengan desain yang trendy dan lucu  membuat Si Kecil tampil lebih stylish  bergaya  dan tetap nyaman saat beraktivitas.  .
https://www.orami.co.id/takoyakids-minori-sets-maroon.html,Takoyakids Minori Sets Maroon,Rp 89.000,Takoyakids,. Jadikan penampilan si kecil semakin menggemaskan dengan mengenakan . Takoyakids Minori Sets Maroon. . Pakaian anak berupa kaus lengan pendek dan celana pendek ini terbuat dari bahan . Single Jersey . berkualitas tinggi sehingga nyaman dikenakan oleh si kecil..  .  . Terdapat detail . list . putih.  . Desain kerah bulat.  . Celana karet pinggang yang nyaman dikenakan.  .
https://www.orami.co.id/coco-tulip-pom-pom-fringe-dress-girls-peach.html,Takoyakids Tulip Pom-Pom Fringe Dress Girls Peach,Rp 79.000,Takoyakids,. Pakaian . Takoyakids . sangat adem dan nyaman untuk dikenakan anak perempuan yang berusia 6 bulan - 3 tahun. Dibuat dengan desain yang trendy dan lucu  membuat Si Kecil tampil lebih stylish  bergaya  dan tetap nyaman saat beraktivitas.  .
https://www.orami.co.id/takoyakids-himari-set-gray.html,Takoyakids Himari Set Gray,Rp 95.000,Takoyakids,". Jadikan penampilan si kecil semakin menggemaskan dengan mengenakan . Takoyakids Himari Set Gray. . Pakaian anak berupa atasan tanpa lengan dan celana pendek ini terbuat dari bahan . Combed . berkualitas tinggi sehingga nyaman dikenakan oleh si kecil..  .  . Terdapat detail . ruffle.  di bagian lengan dan pita pada celana.  . Bukaan kancing depan.  . Cocok dikenakan untuk bermain atau bepergian.  ."
https://www.orami.co.id/takoyakids-retro-top-girl-maroon.html,Takoyakids Retro Top Girl Maroon,,Takoyakids,. Pakaian . Takoyakids . sangat adem dan nyaman untuk dikenakan anak perempuan yang berusia 1 – 3 tahun. Dibuat dengan desain yang trendy dan lucu  membuat Si Kecil tampil lebih stylish  bergaya  dan tetap nyaman saat beraktivitas.  .
https://www.orami.co.id/takoyakids-akira-jumpsuit-dusty-pink.html,Takoyakids Akira Jumpsuit Dusty Pink,Rp 95.000,Takoyakids,". Yuk  lengkapi koleksi pakaian buah hati Anda dengan mendapatkan . Takoyakids Akira Jumpsuit Dusty Pink. . Pakaian anak berupa . jumpsuit . kaus lengan pendek ini terbuat dari bahan . Single Jersey . berkualitas tinggi sehingga nyaman dikenakan oleh si kecil..  .  . Jumpsuit . kaus lengan pendek yang modis.  . Detail bukaan kancing depan.  . Terdapat 1 kantong bagian atas.  ."
https://www.orami.co.id/takoyakids-remi-jumpsuit-terracota.html,Takoyakids Remi Jumpsuit Terracota,Rp 95.000,Takoyakids,. Yuk  lengkapi koleksi pakaian buah hati Anda dengan mendapatkan . Takoyakids Remi Jumpsuit . Terracota. . Pakaian anak berupa . jumpsuit . celana ini terbuat dari bahan . Jersey . berkualitas tinggi sehingga nyaman dikenakan oleh si kecil..  .  . Jumpsuit.  kaus tanpa lengan dengan model celana . Harem.  . Terdapat 2 kantong tempel dibagian depan.  . Detail bukaan kancing belakang.  .
https://www.orami.co.id/takoyakids-naomi-chain-girl-dress-cream.html,Takoyakids Naomi Chain Girl Dress Cream,Rp 89.000,Takoyakids,". Dress.   . Bermotif.   . Detail pita.   . bukaan . zipper.  belakang.   . Warna . Cream.   . Mungkin terdapat perbedaan warna produk yang terlihat pada monitor dibanding warna sebenarnya."
https://www.orami.co.id/takoyakids-sally-knit-girl-cardigan-pink.html,Takoyakids Sally Knit Girl Cardigan Pink,Rp 129.000,Takoyakids,". Cardigan.   . Warna . Pink.   . Detail kancing depan.   . Mungkin terdapat perbedaan warna produk yang terlihat pada monitor dibanding warna sebenarnya."
https://www.orami.co.id/takoyakids-racquel-girl-dress-latte.html,Takoyakids Racquel Girl Dress Latte,Rp 129.000,Takoyakids,". Dress Lengan Panjang.   . Girl.   . Bukaan Resleting Belakang.   . Kerah bulat.   . Mungkin terdapat perbedaan warna produk yang terlihat pada monitor dibanding warna sebenarnya."
https://www.orami.co.id/takoyakids-kira-kimono-dress-steel-blue-1-2-year-241041.html,Takoyakids Kira Kimono Dress Steel Blue,Rp 99.000,Takoyakids,. Yuk  lengkapi koleksi pakaian buah hati Anda dengan mendapatkan . Takoyakids Kira Kimono Dress Steel Blue. . Pakaian anak berupa . kimono dress . dan celana . bloomers . ini terbuat dari bahan . Single Jersey . berkualitas tinggi sehingga nyaman dikenakan oleh si kecil. .  .  . Detail tali pita di bagian kiri.  . Cocok dikenakan saat bepergian atau bermain.  . Ideal untuk anak perempuan.  .
https://www.orami.co.id/takoyakids-akira-jumpsuit-steel-blue.html,Takoyakids Akira Jumpsuit Steel Blue,Rp 95.000,Takoyakids,". Yuk  lengkapi koleksi pakaian buah hati Anda dengan mendapatkan . Takoyakids Akira Jumpsuit Steel Blue. . Pakaian anak berupa . jumpsuit . kaus lengan pendek ini terbuat dari bahan . Single Jersey . berkualitas tinggi sehingga nyaman dikenakan oleh si kecil..  .  . Jumpsuit . kaus lengan pendek yang modis.  . Detail bukaan kancing depan.  . Terdapat 1 kantong bagian atas.  ."
https://www.orami.co.id/takoyakids-aoki-pyjama-sets-mustard.html,Takoyakids Aoki Pyjama Sets Mustard,Rp 129.000,Takoyakids,". Yuk  lengkapi koleksi pakaian buah hati Anda dengan mendapatkan . Takoyakids Aoki Pyjama Sets Mustard. . Pakaian anak berupa set piama ini terbuat dari bahan . Baby Terry . berkualitas tinggi sehingga nyaman dikenakan oleh si kecil..  .  . Terdiri dari atasan dan celana panjang.  . Detail bukaan kancing depan.  . Celana memiliki lingkar pinggang karet.  ."
https://www.orami.co.id/takoyakids-vroom-vroom-t-shirt-unisex-white.html,Takoyakids Vroom Vroom! T-Shirt Unisex White,,Takoyakids,. Pakaian . Takoyakids . sangat adem dan nyaman untuk dikenakan anak laki-laki dan perempuan yang berusia 6 bulan – 3 tahun. Dibuat dengan desain yang trendy dan lucu  membuat Si Kecil tampil lebih stylish  bergaya  dan tetap nyaman saat beraktivitas.  .
https://www.orami.co.id/takoyakids-everyday-all-cotton-legging-girl-xs-mix.html,Takoyakids Everyday All Cotton Legging Girl XS Mix,Rp 59.900,Takoyakids,. Pakaian . Takoyakids . sangat adem dan nyaman untuk dikenakan anak perempuan yang berusia 1 – 3 tahun. Dibuat dengan desain yang trendy dan lucu  membuat Si Kecil tampil lebih stylish  bergaya  dan tetap nyaman saat beraktivitas.  .
https://www.orami.co.id/takoyakids-eri-sets-maroon.html,Takoyakids Eri Sets Maroon,Rp 89.000,Takoyakids,". Jadikan penampilan si kecil semakin menggemaskan dengan mengenakan . Takoyakids Eri Sets Maroon. . Pakaian anak berupa atasan tanpa lengan dan celana pendek ini terbuat dari bahan . Combed . berkualitas tinggi sehingga nyaman dikenakan oleh si kecil..  .  . Atasan memiliki detail . ruffle . yang cantik.  . Bukaan kancing belakang.  . Cocok dikenakan untuk bermain atau bepergian.  ."
https://www.orami.co.id/takoyakids-banana-button-shirt-boy-blue.html,Takoyakids Banana Button Shirt Boy Blue,,Takoyakids,. Pakaian . Takoyakids . sangat adem dan nyaman untuk dikenakan anak laki-laki yang berusia 1 – 3+ tahun. Dibuat dengan desain yang trendy dan lucu  membuat Si Kecil tampil lebih stylish  bergaya  dan tetap nyaman saat beraktivitas.  .
https://www.orami.co.id/takoyakids-abstract-shorts-boy-black.html,Takoyakids Abstract Shorts Boy Black,Rp 64.900,Takoyakids,. Pakaian . Takoyakids . sangat adem dan nyaman untuk dikenakan anak laki-laki yang berusia 1 – 3 tahun. Dibuat dengan desain yang trendy dan lucu  membuat Si Kecil tampil lebih stylish  bergaya  dan tetap nyaman saat beraktivitas.  .
https://www.orami.co.id/takoyakids-kira-kimono-dress-maroon-6-12-month-241040.html,Takoyakids Kira Kimono Dress Maroon,Rp 99.000,Takoyakids,. Yuk  lengkapi koleksi pakaian buah hati Anda dengan mendapatkan . Takoyakids Kira Kimono Dress Maroon. . Pakaian anak berupa . kimono dress . dan celana . bloomers . ini terbuat dari bahan . Single Jersey . berkualitas tinggi sehingga nyaman dikenakan oleh si kecil. .  .  . Detail tali pita di bagian kiri.  . Cocok dikenakan saat bepergian atau bermain.  . Ideal untuk anak perempuan.  .
https://www.orami.co.id/takoyakids-smith-boy-shirt-blue.html,Takoyakids Smith Boy Shirt Blue,Rp 129.000,Takoyakids,". Kemeja Lengan Pendek.   . Boy.   . Bukaan Kancing Depan.   . Mungkin terdapat perbedaan warna produk yang terlihat pada monitor dibanding warna sebenarnya."
https://www.orami.co.id/takoyakids-kei-kimono-sets-mint-1-2-year-241045.html,Takoyakids Kei Kimono Sets Mint,Rp 95.000,Takoyakids,. Yuk  lengkapi koleksi pakaian buah hati Anda dengan mendapatkan . Takoyakids Kei Kimono Sets Mint. . Pakaian anak berupa kaus kimono lengan pendek dan celana pendek ini terbuat dari bahan . Single Jersey . berkualitas tinggi sehingga nyaman dikenakan oleh si kecil..  .  . Kaus memiliki detail kerah . V Neck.  . Celana memiliki karet pinggang sehingga tidak ketat.  . Bahan adem saat dikenakan.  .
https://www.orami.co.id/takoyakids-abstract-shorts-boy-navy.html,Takoyakids Abstract Shorts Boy Navy,,Takoyakids,. Pakaian . Takoyakids . sangat adem dan nyaman untuk dikenakan anak laki-laki yang berusia 1 – 3 tahun. Dibuat dengan desain yang trendy dan lucu  membuat Si Kecil tampil lebih stylish  bergaya  dan tetap nyaman saat beraktivitas.  .
https://www.orami.co.id/takoyakids-tutu-festive-top-girl-pink.html,Takoyakids Tutu Festive Top Girl Pink,Rp 89.900,Takoyakids,. Pakaian . Takoyakids . sangat adem dan nyaman untuk dikenakan anak perempuan yang berusia 6 bulan – 3 tahun. Dibuat dengan desain yang trendy dan lucu  membuat Si Kecil tampil lebih stylish  bergaya  dan tetap nyaman saat beraktivitas.  .
https://www.orami.co.id/takoyakids-abstract-shorts-boy-red.html,Takoyakids Abstract Shorts Boy Red,,Takoyakids,. Pakaian . Takoyakids . sangat adem dan nyaman untuk dikenakan anak laki-laki yang berusia 1 – 3 tahun. Dibuat dengan desain yang trendy dan lucu  membuat Si Kecil tampil lebih stylish  bergaya  dan tetap nyaman saat beraktivitas.  .
https://www.orami.co.id/takoyakids-everyday-all-cotton-legging-girl-m-mix.html,Takoyakids Everyday All Cotton Legging Girl M Mix,Rp 59.900,Takoyakids,. Pakaian . Takoyakids . sangat adem dan nyaman untuk dikenakan anak perempuan yang berusia 1 – 3 tahun. Dibuat dengan desain yang trendy dan lucu  membuat Si Kecil tampil lebih stylish  bergaya  dan tetap nyaman saat beraktivitas.  .
https://www.orami.co.id/takoyakids-fish-shorts-boy-blue.html,Takoyakids Fish Shorts Boy Blue,Rp 64.900,Takoyakids,. Pakaian . Takoyakids . sangat adem dan nyaman untuk dikenakan anak laki-laki yang berusia 1 – 3 tahun. Dibuat dengan desain yang trendy dan lucu  membuat Si Kecil tampil lebih stylish  bergaya  dan tetap nyaman saat beraktivitas.  .
https://www.orami.co.id/takoyakids-remi-harem-jumpsuit-blush.html,Takoyakids Remi Harem Jumpsuit Blush,Rp 89.000,Takoyakids,. Yuk  lengkapi koleksi pakaian buah hati Anda dengan mendapatkan . Takoyakids Remi Harem Jumpsuit Blush. . Pakaian anak berupa . harem jumpsuit . ini terbuat dari bahan . Jersey . berkualitas tinggi sehingga nyaman dikenakan oleh si kecil..  .  . Jumpsuit.  kaus tanpa lengan dengan model celana . Harem.  . Terdapat 2 kantong tempel di bagian depan.  . Ideal untuk anak perempuan.  .
https://www.orami.co.id/takoyakids-tree-fox-boy-t-shirt-blue.html,Takoyakids Tree Fox Boy T-Shirt Blue,Rp 39.000,Takoyakids,". Kaos bermotif.   . Unisex.   . Kerah bulat.   . Mungkin terdapat perbedaan warna produk yang terlihat pada monitor dibanding warna sebenarnya."
https://www.orami.co.id/coco-chambray-top-boys-jeans.html,Takoyakids Chambray Top Boys Jeans,,Takoyakids,. Pakaian . Takoyakids . sangat adem dan nyaman untuk dikenakan anak laki-laki yang berusia 6 bulan - 3 tahun. Dibuat dengan desain yang trendy dan lucu  membuat Si Kecil tampil lebih stylish  bergaya  dan tetap nyaman saat beraktivitas.  .
https://www.orami.co.id/takoyakids-remi-harem-jumpsuit-light-blue.html,Takoyakids Remi Harem Jumpsuit Light Blue,Rp 89.000,Takoyakids,. Yuk  lengkapi koleksi pakaian buah hati Anda dengan mendapatkan . Takoyakids Remi Harem Jumpsuit Light Blue. . Pakaian anak berupa . harem jumpsuit . ini terbuat dari bahan . Jersey . berkualitas tinggi sehingga nyaman dikenakan oleh si kecil..  .  . Jumpsuit.  kaus tanpa lengan dengan model celana . Harem.  . Terdapat 2 kantong tempel dibagian depan.  . Ideal untuk anak laki-laki.  .
https://www.orami.co.id/takoyakids-asymmetric-top-girl-mint.html,Takoyakids Asymmetric Top Girl Mint,,Takoyakids,. Pakaian . Takoyakids . sangat adem dan nyaman untuk dikenakan anak perempuan yang berusia 1 – 3 tahun. Dibuat dengan desain yang trendy dan lucu  membuat Si Kecil tampil lebih stylish  bergaya  dan tetap nyaman saat beraktivitas.  .
https://www.orami.co.id/takoyakids-kei-kimono-sets-blue.html,Takoyakids Kei Kimono Sets Blue,Rp 95.000,Piccola,.   .   . Yuk  lengkapi koleksi pakaian buah hati Anda dengan mendapatkan . Takoyakids Kei Kimono Sets Blue. . Pakaian anak berupa atasan kimono dan celana pendek ini terbuat dari bahan . Single Jersey . berkualitas tinggi sehingga nyaman dikenakan oleh si kecil..     .   . Memiliki detail kerah . V neck.   . Celana karet pinggang.   . Cocok dikenakan saat bermain atau bepergian.   .   .   .
https://www.orami.co.id/takoyakids-willow-dress-girl-peach.html,Takoyakids Willow Dress Girl Peach,Rp 89.900,Takoyakids,. Pakaian . Takoyakids . sangat adem dan nyaman untuk dikenakan anak perempuan yang berusia 6 bulan – 3 tahun. Dibuat dengan desain yang trendy dan lucu  membuat Si Kecil tampil lebih stylish  bergaya  dan tetap nyaman saat beraktivitas.  .
https://www.orami.co.id/takoyakids-minori-sets-lis-putih-blue.html,Takoyakids Minori Sets Lis Putih Blue,Rp 89.000,Takoyakids,. Yuk  lengkapi koleksi pakaian buah hati Anda dengan mendapatkan . Takoyakids Minori Sets Lis Putih Blue. . Pakaian anak berupa . harem jumpsuit . ini terbuat dari bahan . Single Jersey . berkualitas tinggi sehingga nyaman dikenakan oleh si kecil..   .   . Terdapat detail . list.  putih.   . Memiliki kerah bulat.   . Unisex  . ideal untuk anak laki-laki dan perempuan.  .
https://www.orami.co.id/takoyakids-himari-set-mint.html,Takoyakids Himari Set Mint,Rp 95.000,Takoyakids,". Jadikan penampilan si kecil semakin menggemaskan dengan mengenakan . Takoyakids Himari Set Mint. . Pakaian anak berupa atasan tanpa lengan dan celana pendek ini terbuat dari bahan . Combed . berkualitas tinggi sehingga nyaman dikenakan oleh si kecil..  .  . Terdapat detail . ruffle.  di bagian lengan dan pita pada celana.  . Bukaan kancing depan.  . Cocok dikenakan untuk bermain atau bepergian.  ."
https://www.orami.co.id/takoyakids-remi-jumpsuit-mint.html,Takoyakids Remi Jumpsuit Mint,Rp 95.000,Takoyakids,. Yuk  lengkapi koleksi pakaian buah hati Anda dengan mendapatkan . Takoyakids Remi Jumpsuit . Mint. . Pakaian anak berupa . jumpsuit . celana ini terbuat dari bahan . Jersey . berkualitas tinggi sehingga nyaman dikenakan oleh si kecil..  .  . Jumpsuit.  kaus tanpa lengan dengan model celana . Harem.  . Terdapat 2 kantong tempel dibagian depan.  . Detail bukaan kancing belakang.  .
https://www.orami.co.id/takoyakids-aoki-pyjama-sets-dusty-pink.html,Takoyakids Aoki Pyjama Sets Dusty Pink,Rp 129.000,Takoyakids,". Yuk  lengkapi koleksi pakaian buah hati Anda dengan mendapatkan . Takoyakids Aoki Pyjama Sets Dusty Pink. . Pakaian anak berupa set piama ini terbuat dari bahan . Baby Terry . berkualitas tinggi sehingga nyaman dikenakan oleh si kecil..  .  . Terdiri dari atasan dan celana panjang.  . Detail bukaan kancing depan.  . Celana memiliki lingkar pinggang karet.  ."
https://www.orami.co.id/takoyakids-aoki-pyjama-sets-navy.html,Takoyakids Aoki Pyjama Sets Navy,Rp 129.000,Takoyakids,". Yuk  lengkapi koleksi pakaian buah hati Anda dengan mendapatkan . Takoyakids Aoki Pyjama Sets Navy. . Pakaian anak berupa set piama ini terbuat dari bahan . Baby Terry . berkualitas tinggi sehingga nyaman dikenakan oleh si kecil..  .  . Terdiri dari atasan dan celana panjang.  . Detail bukaan kancing depan.  . Celana memiliki lingkar pinggang karet.  ."
https://www.orami.co.id/takoyakids-kira-kimono-dress-mustard-1-2-year-241039.html,Takoyakids Kira Kimono Dress Mustard,Rp 99.000,Takoyakids,. Yuk  lengkapi koleksi pakaian buah hati Anda dengan mendapatkan . Takoyakids Kira Kimono Dress Mustard. . Pakaian anak berupa . kimono dress . dan celana . bloomers . ini terbuat dari bahan . Single Jersey . berkualitas tinggi sehingga nyaman dikenakan oleh si kecil. .  .  . Detail tali pita di bagian kiri.  . Cocok dikenakan saat bepergian atau bermain.  . Ideal untuk anak perempuan.  .
https://www.orami.co.id/takoyakids-kei-kimono-sets-gray.html,Takoyakids Kei Kimono Sets Gray,Rp 95.000,Piccola,.   .   . Yuk  lengkapi koleksi pakaian buah hati Anda dengan mendapatkan . Takoyakids Kei Kimono Sets Gray. . Pakaian anak berupa atasan kimono dan celana pendek ini terbuat dari bahan . Single Jersey . berkualitas tinggi sehingga nyaman dikenakan oleh si kecil..     .   . Memiliki detail kerah . V neck.   . Celana karet pinggang.   . Cocok dikenakan saat bermain atau bepergian.   .   .   .
https://www.orami.co.id/takoyakids-kira-kimono-dress-sets-misty-gray.html,Takoyakids Kira Kimono Dress Sets Misty Gray,Rp 99.000,Takoyakids,. Yuk  lengkapi koleksi pakaian buah hati Anda dengan mendapatkan . Takoyakids Kira Kimono Dress Sets Misty Gray. . Pakaian anak berupa . kimono dress . dan celana . bloomers . ini terbuat dari bahan . Single Jersey . berkualitas tinggi sehingga nyaman dikenakan oleh si kecil..   .   . Detail tali pita di bagian kiri.   . Cocok dikenakan saat bepergian atau bermain.   . Ideal untuk anak perempuan.  .
https://www.orami.co.id/takoyakids-cherry-girl-tops-maroon.html,Takoyakids Cherry Girl Tops Maroon,Rp 109.000,Takoyakids,". Atasan Lengan Panjang.   . Girl.   . Mungkin terdapat perbedaan warna produk yang terlihat pada monitor dibanding warna sebenarnya."
https://www.orami.co.id/takoyakids-himari-set-steel-blue.html,Takoyakids Himari Set Steel Blue,Rp 95.000,Takoyakids,". Jadikan penampilan si kecil semakin menggemaskan dengan mengenakan . Takoyakids Himari Set Steel Blue. . Pakaian anak berupa atasan tanpa lengan dan celana pendek ini terbuat dari bahan . Combed . berkualitas tinggi sehingga nyaman dikenakan oleh si kecil..  .  . Terdapat detail . ruffle.  di bagian lengan dan pita pada celana.  . Bukaan kancing depan.  . Cocok dikenakan untuk bermain atau bepergian.  ."
https://www.orami.co.id/takoyakids-fish-shorts-boy-navy.html,Takoyakids Fish Shorts Boy Navy,Rp 64.900,Takoyakids,. Pakaian . Takoyakids . sangat adem dan nyaman untuk dikenakan anak laki-laki yang berusia 1 – 3 tahun. Dibuat dengan desain yang trendy dan lucu  membuat Si Kecil tampil lebih stylish  bergaya  dan tetap nyaman saat beraktivitas.  .
https://www.orami.co.id/piccola-rowan-shirt-cotton-mocha.html,Piccola Rowan Shirt Cotton Mocha,Rp 149.000,Piccola,". Jadikan penampilan si kecil semakin menggemaskan dengan mengenakan . Piccola Rowan Shirt Cotton Mocha. . Pakaian anak berupa kemeja lengan pendek ini terbuat dari bahan . Cotton . berkualitas tinggi sehingga nyaman dikenakan oleh si kecil..  .  . Terdapat detail kancing bukaan depan.  . Memiliki lengan lipat kancing.  . Cocok dikenakan saat bermain atau bepergian.  ."
https://www.orami.co.id/takoyakids-minori-sets-blue-white-stripes.html,Takoyakids Minori Sets Blue White Stripes,Rp 89.000,Takoyakids,. Yuk  lengkapi koleksi pakaian buah hati Anda dengan mendapatkan . Takoyakids Minori Sets Blue White Stripes. . Pakaian anak berupa . harem jumpsuit . ini terbuat dari bahan . Single Jersey . berkualitas tinggi sehingga nyaman dikenakan oleh si kecil..   .   . Terdapat detail . list.  putih.   . Memiliki kerah bulat.   . Unisex  . ideal untuk anak laki-laki dan perempuan.  .
https://www.orami.co.id/takoyakids-calla-girl-skirt-grey.html,Takoyakids Calla Girl Skirt Grey,,Takoyakids,". Rok Pendek.   . Girl.   . Karet Pinggang.   . Mungkin terdapat perbedaan warna produk yang terlihat pada monitor dibanding warna sebenarnya."
https://www.orami.co.id/takoyakids-tutu-festive-top-girl-mint.html,Takoyakids Tutu Festive Top Girl Mint,Rp 89.900,Takoyakids,. Pakaian . Takoyakids . sangat adem dan nyaman untuk dikenakan anak perempuan yang berusia 6 bulan – 3 tahun. Dibuat dengan desain yang trendy dan lucu  membuat Si Kecil tampil lebih stylish  bergaya  dan tetap nyaman saat beraktivitas.  .
https://www.orami.co.id/takoyakids-vroom-vroom-t-shirt-unisex-yellow.html,Takoyakids Vroom Vroom! T-Shirt Unisex Yellow,Rp 72.900,Takoyakids,. Pakaian . Takoyakids . sangat adem dan nyaman untuk dikenakan anak laki-laki dan perempuan yang berusia 6 bulan – 3 tahun. Dibuat dengan desain yang trendy dan lucu  membuat Si Kecil tampil lebih stylish  bergaya  dan tetap nyaman saat beraktivitas.  .
https://www.orami.co.id/takoyakids-fish-shorts-boy-grey.html,Takoyakids Fish Shorts Boy Grey,Rp 64.900,Takoyakids,. Pakaian . Takoyakids . sangat adem dan nyaman untuk dikenakan anak laki-laki yang berusia 1 – 3 tahun. Dibuat dengan desain yang trendy dan lucu  membuat Si Kecil tampil lebih stylish  bergaya  dan tetap nyaman saat beraktivitas.  .
https://www.orami.co.id/takoyakids-minori-sets-lis-putih-dark-gray.html,Takoyakids Minori Sets Lis Putih Dark Gray,Rp 89.000,Takoyakids,. Yuk  lengkapi koleksi pakaian buah hati Anda dengan mendapatkan . Takoyakids Minori Sets Lis Putih . Dark Gray. . Pakaian anak berupa . harem jumpsuit . ini terbuat dari bahan . Single Jersey . berkualitas tinggi sehingga nyaman dikenakan oleh si kecil..   .   . Terdapat detail . list.  putih.   . Memiliki kerah bulat.   . Unisex  . ideal untuk anak laki-laki dan perempuan.  .
https://www.orami.co.id/takoyakids-sailor-collar-top-girl-pink.html,Takoyakids Sailor Collar Top Girl Pink,,Takoyakids,. Pakaian . Takoyakids . sangat adem dan nyaman untuk dikenakan anak perempuan yang berusia 6 bulan – 3 tahun. Dibuat dengan desain yang trendy dan lucu  membuat Si Kecil tampil lebih stylish  bergaya  dan tetap nyaman saat beraktivitas.  .
https://www.orami.co.id/takoyakids-im-awesome-t-shirt-boy-orange.html,Takoyakids I'm Awesome T-Shirt Boy Orange,,Takoyakids,. Pakaian . Takoyakids . sangat adem dan nyaman untuk dikenakan anak laki-laki yang berusia 6 bulan – 3 tahun. Dibuat dengan desain yang trendy dan lucu  membuat Si Kecil tampil lebih stylish  bergaya  dan tetap nyaman saat beraktivitas.  .
https://www.orami.co.id/takoyakids-racquel-girl-dress-green.html,Takoyakids Racquel Girl Dress Green,Rp 129.000,Takoyakids,". Dress Lengan Panjang.   . Girl.   . Bukaan Resleting Belakang.   . Kerah bulat.   . Mungkin terdapat perbedaan warna produk yang terlihat pada monitor dibanding warna sebenarnya."
https://www.orami.co.id/takoyakids-petra-vest-girl-sets-pink.html,Takoyakids Petra Vest Girl Sets Pink,Rp 139.000,Takoyakids,". Set Vest dan Celana Pendek ( +inner).   . Girl.   . Celana Pinggang Karet.   . Mungkin terdapat perbedaan warna produk yang terlihat pada monitor dibanding warna sebenarnya."
https://www.orami.co.id/takoyakids-cate-texture-boy-sweater-grey-light-brown.html,Takoyakids Cate Texture Boy Sweater Grey-Light Brown,Rp 99.000,Takoyakids,". Knitted sweater.   . Kerah bulat.   . Warna . grey-light brown.   . Mungkin terdapat perbedaan warna produk yang terlihat pada monitor dibanding warna sebenarnya."
https://www.orami.co.id/takoyakids-himari-set-dusty-pink.html,Takoyakids Himari Set Dusty Pink,Rp 95.000,Takoyakids,". Jadikan penampilan si kecil semakin menggemaskan dengan mengenakan . Takoyakids Himari Set Dusty Pink. . Pakaian anak berupa atasan tanpa lengan dan celana pendek ini terbuat dari bahan . Combed . berkualitas tinggi sehingga nyaman dikenakan oleh si kecil..  .  . Terdapat detail . ruffle.  di bagian lengan dan pita pada celana.  . Bukaan kancing depan.  . Cocok dikenakan untuk bermain atau bepergian.  ."
https://www.orami.co.id/takoyakids-rabia-blouse-girl-sets-pink.html,Takoyakids Rabia Blouse Girl Sets Pink,Rp 139.000,Takoyakids,". Set Atasan Lengan Panjang dan Celana Pendek.   . Girl.   . Celana Pinggang Karet.   . Mungkin terdapat perbedaan warna produk yang terlihat pada monitor dibanding warna sebenarnya."
https://www.orami.co.id/takoyakids-geometri-girl-tops-pink.html,Takoyakids Geometri Girl Tops Pink,Rp 109.000,Takoyakids,". Atasan lengan panjang.   . motif kotak-kotak.   . detail kancing.   . warna . pink.   . Mungkin terdapat perbedaan warna produk yang terlihat pada monitor dibanding warna sebenarnya ."
https://www.orami.co.id/coco-polkadot-sailor-dress-girls-peach.html,Takoyakids Polkadot Sailor Dress Girls Peach,Rp 90.900,Takoyakids,. Pakaian . Takoyakids . sangat adem dan nyaman untuk dikenakan anak perempuan yang berusia 6 bulan – 3 tahun. Dibuat dengan desain yang trendy dan lucu  membuat Si Kecil tampil lebih stylish  bergaya  dan tetap nyaman saat beraktivitas.  .
https://www.orami.co.id/takoyakids-petra-vest-girl-sets-maroon.html,Takoyakids Petra Vest Girl Sets Maroon,Rp 139.000,Takoyakids,". Set . vest.  dan celana pendek ( + . inner. ).   . 2 kantong di depan.   . Detail bukaan kancing depan.   . Celana pinggang karet.   . warna . maroon.   . Mungkin terdapat perbedaan warna produk yang terlihat pada monitor dibanding warna sebenarnya."
https://www.orami.co.id/takoyakids-sally-knit-girl-cardigan-cream.html,Takoyakids Sally Knit Girl Cardigan Cream,Rp 129.000,Takoyakids,". Cardigan.   . Warna . Cream.   . Detail kancing depan.   . Mungkin terdapat perbedaan warna produk yang terlihat pada monitor dibanding warna sebenarnya."
https://www.orami.co.id/takoyakids-everyday-plant-t-shirt-unisex.html,Takoyakids Everyday Plant T-Shirt Unisex,Rp 39.900,Takoyakids,. Takoyakids Everyday.  adalah pakaian sehari-hari (. loungewear. ) untuk anak berusia 1-3 tahun dari Takoyakids yang bahannya sangat halus  enak dipakai dan lucu. Pakai di rumah  saat . playdate.   tidur atau jam bermain. Pasti Si Kecil punya pakaian favorit baru deh!.
https://www.orami.co.id/takoyakids-kira-kimono-dress-maroon-7-8-year.html,Takoyakids Kira Kimono Dress Maroon 7-8 Year,Rp 99.000,Takoyakids,. Yuk  lengkapi koleksi pakaian buah hati Anda dengan mendapatkan . Takoyakids Kira Kimono Dress Sets Maroon 7-8Y. . Pakaian anak berupa . kimono dress . dan celana . bloomers . ini terbuat dari bahan . Single Jersey . berkualitas tinggi sehingga nyaman dikenakan oleh si kecil..   .   . Detail tali pita di bagian kiri.   . Cocok dikenakan saat bepergian atau bermain.   . Ideal untuk anak perempuan.  .
https://www.orami.co.id/takoyakids-roaring-lion-short-sets-boy.html,Takoyakids Everyday Roaring Lion Short Sets Boy,Rp 89.900,Takoyakids,. Pakaian . Takoyakids . sangat adem dan nyaman untuk dikenakan anak laki-laki yang berusia 6 bulan – 3 tahun. Dibuat dengan desain yang trendy dan lucu  membuat Si Kecil tampil lebih stylish  bergaya  dan tetap nyaman saat beraktivitas.  .
https://www.orami.co.id/takoyakids-whoopi-pullover-unisex-sweater-mustard.html,Takoyakids Whoopi pullover Unisex Sweater Mustard,Rp 99.000,Takoyakids,". Knit Sweater.   . Unisex.   . Kerah bulat.   . Mungkin terdapat perbedaan warna produk yang terlihat pada monitor dibanding warna sebenarnya."
https://www.orami.co.id/takoyakids-im-awesome-t-shirt-boy-yellow.html,Takoyakids I'm Awesome T-Shirt Boy Yellow,,Takoyakids,. Pakaian . Takoyakids . sangat adem dan nyaman untuk dikenakan anak laki-laki yang berusia 6 bulan – 3 tahun. Dibuat dengan desain yang trendy dan lucu  membuat Si Kecil tampil lebih stylish  bergaya  dan tetap nyaman saat beraktivitas.  .
https://www.orami.co.id/takoyakids-akira-jumpsuit-abu-muda.html,Takoyakids Akira Jumpsuit Abu Muda,Rp 95.000,Takoyakids,. Yuk  lengkapi koleksi pakaian buah hati Anda dengan mendapatkan . Takoyakids Akira Jumpsuit Abu-Abu Muda. . Pakaian anak berupa . jumpsuit . kaus lengan pendek ini terbuat dari bahan . Single Jersey . berkualitas tinggi sehingga nyaman dikenakan oleh si kecil..  .  . Jumpsuit . kaus lengan pendek yang modis.  . Detail bukaan kancing depan.  . Terdapat 1 kantong bagian atas.  .
https://www.orami.co.id/takoyakids-vroom-vroom-t-shirt-unisex-orange.html,Takoyakids Vroom Vroom! T-Shirt Unisex Orange,,Takoyakids,. Pakaian . Takoyakids . sangat adem dan nyaman untuk dikenakan anak laki-laki dan perempuan yang berusia 6 bulan – 3 tahun. Dibuat dengan desain yang trendy dan lucu  membuat Si Kecil tampil lebih stylish  bergaya  dan tetap nyaman saat beraktivitas.  .
